LandSF,TotalFinishedArea,TotalAppraisedValue
12300.0,1209.60001,113100.0
7500.0,2161.0,120300.0
5500.0,2356.0,191900.0
9000.0,1456.0,149300.0
5500.0,3432.0,189600.0
8850.0,5427.5,205700.0
7500.0,3628.0,165301.0
9360.0,2856.0,131700.0
13460.0,2760.5,137300.0
8340.0,1574.0,120800.0
12030.0,3867.5,158600.0
6265.0,3444.0,207500.0
10070.0,2760.0,143500.0
9385.0,3744.0,148700.0
8000.0,3307.20001,238300.0
27600.0,5298.0,495000.0
5500.0,5049.0,211700.0
7775.0,1515.25,152400.0
10590.0,1075.20001,109400.0
6750.0,3738.0,213100.0
11385.0,4866.0,246700.0
8750.0,4767.5,201700.0
7150.0,2831.0,173600.0
6820.0,3605.25,201700.0
3240.0,1336.0,98000.0
4060.0,3668.0,152100.0
11024.0,4075.5,224700.0
7500.0,3880.25,172100.0
7890.0,3870.0,216000.0
7560.0,1021.0,128700.0
30125.0,13595.0,750600.0
20100.0,8168.0,463400.0
6770.0,4626.0,197700.0
6370.0,5042.0,122400.0
6380.0,3849.0,177700.0
7750.0,3169.0,178600.0
10050.0,5295.0,215900.0
6006.0,1856.0,201800.0
3043.0,4206.0,125500.0
5000.0,2965.0,76100.0
4250.0,2240.0,147700.0
7110.0,1536.0,110600.0
7062.0,1456.0,174000.0
8050.0,4542.25,294700.0
10200.0,3272.5,161800.0
7500.0,1096.0,143000.0
8250.0,1776.00001,125200.0
16100.0,16048.0,575500.0
3456.0,1770.9,129300.0
5000.0,1041.60001,133200.0
3250.0,2414.0,109900.0
5000.0,3744.0,180600.0
30125.0,1580.0,136400.0
12684.0,1881.12,91700.0
5625.0,2289.5,142600.0
9310.0,2240.0,160100.0
9200.0,3420.80001,166900.0
7050.0,1288.0,125100.0
5500.0,1288.0,139400.0
14500.0,3541.5,385800.0
6705.0,4068.0,132900.0
9225.0,2432.0,195900.0
7050.0,3588.0,192100.0
5000.0,1224.0,133800.0
9490.0,7836.0,322100.0
6705.0,4068.0,132900.0
5850.0,1249.0,144400.0
6235.0,3361.0,158500.0
6350.0,1530.0,128900.0
6944.0,1043.0,127500.0
3620.0,2542.80001,141000.0
6450.0,1470.0,141800.0
4925.0,363.19996,113700.0
7500.0,652.5,43200.0
8700.0,1568.0,170800.0
12900.0,16822.0,963100.0
5960.0,3938.0,216600.0
7125.0,3088.0,185000.0
7650.0,1694.0,136000.0
7500.0,1408.75,134000.0
8745.0,1664.0,140100.0
5750.0,966.0,83400.0
6100.0,3958.75,205800.0
4554.0,3780.0,157200.0
7000.0,1476.0,134600.0
7215.0,1752.0,162900.0
10050.0,5295.0,215900.0
4000.0,2874.0,90700.0
8125.0,1260.0,131600.0
16800.0,10047.0,101600.0
6380.0,1098.0,88900.0
4995.0,982.5,101500.0
10248.0,1651.60001,128800.0
2790.0,2802.5,158700.0
6500.0,1102.5,124000.0
4200.0,3309.5,149900.0
5300.0,3291.5,186700.0
6000.0,1285.20001,116500.0
8745.0,1664.0,140100.0
4847.0,2160.0,60400.0
4380.0,2616.0,129500.0
28614.0,4335.00001,450000.0
8540.0,2632.0,199400.0
5265.0,2064.0,122600.0
7975.0,1332.0,132300.0
10000.0,3137.5,193900.0
10240.0,3580.0,194900.0
6300.0,864.0,96400.0
7750.0,1404.0,139700.0
13770.0,1362.0,140000.0
11786.0,1509.3,41500.0
7500.0,4387.5,175000.0
7600.0,1375.0,131400.0
6900.0,4450.5,261700.0
5700.0,2316.00001,220200.0
6300.0,864.0,96400.0
5650.0,1343.0,148600.0
7008.0,2433.60001,189900.0
6760.0,3247.5,193600.0
5000.0,2966.0,149800.0
9000.0,1452.0,131900.0
8160.0,1485.0,158000.0
8820.0,1600.0,136000.0
5710.0,1317.0,82600.0
8195.0,1120.0,105600.0
5650.0,1587.0,163200.0
7500.0,2612.8,215100.0
7390.0,4167.0,203800.0
5640.0,2344.0,182100.0
5130.0,3936.0,178200.0
5000.0,1498.0,97600.0
8580.0,1825.60001,145000.0
6864.0,1392.0,103300.0
7300.0,1682.0,106200.0
2394.0,978.0,68200.0
12300.0,1209.60001,113100.0
7390.0,4167.0,203800.0
4535.0,2592.0,213100.0
5000.0,1041.60001,133200.0
5500.0,1050.0,135700.0
8014.0,1630.0,143200.0
15210.0,5488.0,351000.0
10500.0,935.0,111700.0
6510.0,1492.5,143300.0
8900.0,3202.0,169800.0
8250.0,2608.5,203000.0
8650.0,6960.0,216100.0
7540.0,5150.75,153400.0
8350.0,1068.0,131100.0
6400.0,2200.0,190300.0
7500.0,1024.0,98900.0
7100.0,1192.0,136900.0
5000.0,1400.0,125600.0
7500.0,2716.0,151500.0
10200.0,3272.5,161800.0
33506.0,1588.0,365500.0
5975.0,9440.0,149800.0
6576.0,1164.0,91100.0
10800.0,2937.5,178800.0
41300.0,33404.0,377400.0
8850.0,5427.5,205700.0
7800.0,1722.0,190300.0
6665.0,2855.0,160700.0
6250.0,2900.0,191300.0
10575.0,3115.0,331400.0
6540.0,2857.60001,181700.0
7290.0,4040.0,154200.0
9078.0,2925.0,233000.0
5000.0,1172.0,115900.0
4650.0,3400.0,145500.0
4890.0,2870.40001,153700.0
6250.0,1344.0,130500.0
7675.0,2513.5,190700.0
4601.0,1156.0,90100.0
17599.0,3288.00001,407900.0
13275.0,1119.0,127900.0
6700.0,1230.00001,148800.0
4675.0,4371.0,185100.0
11100.0,3932.0,277600.0
9295.0,2234.40001,164500.0
8820.0,11052.0,372100.0
6900.0,1776.00001,143000.0
7500.0,4050.0,32400.0
9600.0,2784.0,171700.0
7500.0,900.0,119100.0
7000.0,1708.0,106100.0
7800.0,3412.5,253900.0
5650.0,936.0,134500.0
4500.0,2829.0,108200.0
5000.0,1056.0,116900.0
10000.0,1123.20001,129700.0
8250.0,3968.75,142000.0
6580.0,3375.0,171500.0
160917.23438,24900.0,792800.0
5000.0,2208.0,134800.0
6420.0,1632.0,132300.0
13275.0,1119.0,127900.0
8750.0,2373.20001,145800.0
6355.0,3367.0,137200.0
7150.0,2822.0,164300.0
7680.0,1024.0,138000.0
8150.0,1812.00001,143500.0
7750.0,2368.0,166300.0
16000.0,4740.4,488700.0
7150.0,1228.0,88500.0
7900.0,3858.0,198400.0
8012.0,2657.5,133200.0
11100.0,2338.0,149300.0
16010.0,2436.0,163900.0
10036.0,4020.0,194400.0
5710.0,1167.25,120400.0
6580.0,3375.0,171500.0
5520.0,1952.25,159400.0
1590.0,2442.0,106900.0
7150.0,3097.0,187200.0
5000.0,3517.25,155300.0
4500.0,2507.5,109700.0
5657.0,1939.40001,153500.0
6195.0,4104.0,171600.0
6390.0,2112.00001,145100.0
6272.0,2392.0,165700.0
7020.0,1591.0,157500.0
5000.0,1188.0,101200.0
5220.0,2980.0,145600.0
12000.0,2480.0,168300.0
6000.0,1374.0,129100.0
1135.0,850.0,47300.0
13980.0,10055.52,532500.0
8400.0,1896.0,137400.0
6580.0,3375.0,171500.0
9900.0,1928.0,131100.0
11786.0,1509.3,41500.0
6500.0,1019.20001,139900.0
8440.0,1382.0,103200.0
5800.0,2530.0,145700.0
6250.0,1382.0,122100.0
8280.0,3480.0,152600.0
5625.0,3241.60001,202200.0
7500.0,2464.0,187600.0
5595.0,5832.0,270700.0
5500.0,1204.0,92300.0
5000.0,1224.0,133800.0
7865.0,3078.0,136600.0
6390.0,3010.0,183700.0
8540.0,2624.0,197300.0
5960.0,3355.0,162100.0
9123.0,1222.0,132600.0
10010.0,2768.2,210700.0
5000.0,1532.0,131900.0
7550.0,2400.0,209300.0
7500.0,3270.0,157900.0
4950.0,3196.5,121900.0
6300.0,1480.0,143000.0
9080.0,2206.0,145700.0
10750.0,2222.5,111300.0
8790.0,3638.25,181800.0
10270.0,1408.0,124300.0
7050.0,3900.0,140200.0
6000.0,2308.0,111200.0
5000.0,2208.0,134800.0
8250.0,2234.0,110600.0
9207.0,3849.0,198600.0
7650.0,3948.0,170600.0
6111.0,720.0,115700.0
6900.0,1254.0,145000.0
6510.0,16857.0,350000.0
6125.0,2546.0,131300.0
6007.0,2395.0,140000.0
10560.0,1784.0,53900.0
6460.0,1038.0,130900.0
6000.0,1124.00001,150100.0
5600.0,3120.0,180600.0
8475.0,1120.0,148700.0
10000.0,1839.0,139100.0
7200.0,3645.0,150700.0
72310.0,16436.0,2294300.0
4900.0,3168.0,131700.0
5680.0,3510.0,151000.0
7872.0,911.0,122800.0
7650.0,3399.0,152800.0
5400.0,1585.5,116700.0
5000.0,1872.5,138400.0
8504.0,2900.0,189300.0
6305.0,3582.0,62000.0
4960.0,2164.0,157800.0
6450.0,2600.0,173100.0
12148.0,1747.20001,140000.0
6000.0,1249.0,134500.0
5650.0,1200.5,151400.0
5050.0,2392.0,172500.0
13980.0,10055.52,532500.0
5950.0,1534.00001,155200.0
4800.0,1080.0,138800.0
6350.0,1350.0,148300.0
30360.0,3325.90001,375000.0
6000.0,1050.0,140300.0
11305.0,3647.0,218500.0
7460.0,2803.20001,160800.0
8318.0,1611.0,168800.0
8325.0,3206.0,233100.0
5750.0,1498.5,159500.0
3400.0,2824.0,130100.0
10950.0,1555.7,149600.0
7640.0,4293.0,185200.0
6600.0,3228.0,150500.0
7100.0,1056.0,114600.0
5500.0,980.0,137200.0
10050.0,5295.0,215900.0
5043.0,3388.0,160900.0
7110.0,1536.0,110600.0
5500.0,1241.5,145900.0
6240.0,1112.0,96700.0
7650.0,1694.0,136000.0
8160.0,2469.5,162300.0
3935.0,3672.0,95106.0
8745.0,1522.5,155600.0
3700.0,3778.0,77800.0
7425.0,4660.0,121200.0
9525.0,3096.0,159900.0
8625.0,1170.0,130600.0
8650.0,1248.0,135100.0
8215.0,3751.0,157500.0
8040.0,899.0,138600.0
6700.0,1116.0,94200.0
6070.0,1612.80001,148200.0
33506.0,1588.0,365500.0
5000.0,1006.25,129900.0
6300.0,2150.0,190500.0
5050.0,2392.0,168200.0
3400.0,2824.0,130100.0
8450.0,8484.0,182800.0
6250.0,2207.5,132700.0
8052.0,1378.0,141300.0
9500.0,1594.0,144500.0
12720.0,2110.0,128000.0
8280.0,4291.0,324000.0
5500.0,2782.0,144100.0
6370.0,5042.0,122400.0
8300.0,1015.0,122500.0
10000.0,3061.0,180600.0
7350.0,1756.0,149100.0
7800.0,1015.0,106200.0
3250.0,2414.0,109900.0
7788.0,960.0,147900.0
5000.0,3645.0,175100.0
6250.0,2386.0,189500.0
4000.0,5346.0,140600.0
13530.0,3481.5,178200.0
18530.0,8954.0,258500.0
10000.0,3789.0,202100.0
7891.0,1566.0,132000.0
7500.0,1188.0,127800.0
16800.0,4525.0,377700.0
7500.0,2586.0,195400.0
7500.0,1367.25,121100.0
16100.0,16048.0,575500.0
10050.0,5295.0,215900.0
5000.0,1041.60001,139500.0
7500.0,3826.25,150300.0
7891.0,1566.0,132000.0
9801.0,53531.31,2900000.0
27900.0,3818.0,535000.0
7151.0,1470.0,140500.0
7130.0,2666.0,178900.0
6000.0,1473.6,145900.0
8970.0,2732.0,216800.0
6000.0,3804.0,205100.0
6400.0,3393.25,183900.0
6850.0,3105.0,167100.0
32748.0,5373.4,500000.0
10000.0,1500.0,159500.0
7000.0,1685.2,126500.0
9000.0,7716.0,330300.0
5000.0,2208.0,134800.0
6.0,5940.0,183300.0
9200.0,2250.5,150700.0
8150.0,3054.0,221400.0
7770.0,1698.0,154800.0
6525.0,4462.20001,177900.0
7560.0,1428.0,124700.0
8616.0,1470.0,144100.0
8661.0,1241.0,86300.0
7550.0,2524.0,188300.0
5640.0,2985.0,159700.0
5000.0,1116.0,151600.0
6400.0,767.0,115700.0
4400.0,3501.0,171300.0
8500.0,1368.0,130200.0
7400.0,4032.0,173700.0
7500.0,4050.0,32400.0
7695.0,1698.0,135600.0
5450.0,1200.0,162200.0
7200.0,2722.5,284900.0
4900.0,3684.0,151700.0
6250.0,3203.0,151300.0
12075.0,2858.0,132000.0
6820.0,3447.0,159400.0
8530.0,3661.5,154000.0
7200.0,1376.0,117000.0
11786.0,1509.3,41500.0
6250.0,3439.5,173600.0
5000.0,3300.0,209700.0
7500.0,3270.0,157900.0
6535.0,3821.0,109200.0
11280.0,903.0,144900.0
6000.0,3038.40001,173200.0
5000.0,2480.0,133200.0
5593.0,3666.0,192600.0
7390.0,4167.0,203800.0
5800.0,2508.0,126000.0
6550.0,3744.0,178800.0
5500.0,667.0,106400.0
8220.0,1870.0,150800.0
8470.0,1795.2,152800.0
6960.0,3390.00001,186000.0
10800.0,2771.5,209400.0
5000.0,3587.5,175800.0
4760.0,3461.0,184800.0
9000.0,3447.0,249800.0
7500.0,2877.5,78800.0
6700.0,1116.0,94200.0
8100.0,1075.20001,145000.0
9048.0,1634.0,151000.0
5200.0,2706.0,84600.0
35000.0,8412.6,536300.0
4992.0,3741.0,227500.0
208620.0,6872.5,925000.0
7150.0,4200.0,221900.0
9365.0,2037.0,159400.0
20000.0,2128.0,131800.0
8100.0,1860.0,139800.0
5000.0,3458.5,161400.0
4000.0,3432.0,168100.0
9514.0,1834.5,157300.0
6000.0,1050.0,140300.0
22050.0,5349.0,588000.0
7314.0,1667.0,144600.0
9514.0,1834.5,157300.0
7500.0,2796.0,157300.0
8260.0,3597.5,213000.0
5476.0,2076.0,121000.0
10000.0,3774.0,197100.0
6757.0,1008.00001,120700.0
5650.0,1587.0,163200.0
20140.0,32105.5,1370000.0
8050.0,3012.0,209500.0
7700.0,1342.25,113700.0
6400.0,1226.0,73800.0
5805.0,7561.0,238100.0
11375.0,3657.0,129800.0
7313.0,900.0,126500.0
7880.0,3107.0,150700.0
7980.0,2180.0,166700.0
5750.0,2392.0,172200.0
8640.0,1932.0,141600.0
3250.0,2414.0,109900.0
5740.0,3062.5,175500.0
6410.0,2912.0,200200.0
3500.0,1496.0,144100.0
7750.0,4050.0,150200.0
10000.0,1123.20001,129700.0
95396.0,19383.0,883800.0
5980.0,3041.0,270700.0
4900.0,1040.20001,145700.0
6000.0,3504.0,179500.0
6250.0,868.0,110300.0
5494.0,1384.0,114700.0
5980.0,3899.0,165700.0
6490.0,1162.5,137500.0
6860.0,3523.25,170000.0
12090.0,3082.0,334300.0
10000.0,1156.0,126300.0
6380.0,4392.0,139500.0
6300.0,3696.0,158200.0
5895.0,3498.0,158400.0
6500.0,1572.0,146700.0
7500.0,2164.80001,145700.0
8190.0,3318.0,188400.0
15560.0,1308.0,163100.0
6000.0,3024.0,181500.0
7950.0,1044.0,143700.0
11250.0,4797.25,280000.0
8040.0,3798.0,155900.0
6610.0,4092.0,175100.0
17800.0,3604.0,239200.0
3500.0,3393.0,161200.0
7910.0,3393.0,61300.0
8230.0,3137.5,120600.0
6750.0,1773.00001,49300.0
7650.0,1048.00001,131700.0
5600.0,1032.0,130000.0
6424.0,3714.0,154000.0
7650.0,1048.00001,131700.0
6665.0,3738.0,81500.0
7750.0,1560.0,127100.0
4760.0,3461.0,184800.0
6250.0,1382.0,122100.0
5500.0,1800.0,171200.0
11592.0,3840.0,234100.0
6550.0,2145.60001,156500.0
6946.0,2334.0,190500.0
9765.0,3355.0,208300.0
6575.0,1008.00001,97100.0
13980.0,10055.52,532500.0
6300.0,3120.0,171500.0
5220.0,2656.0,221700.0
5250.0,2427.0,140300.0
8540.0,5156.0,241200.0
6215.0,864.0,101300.0
7740.0,1737.0,136000.0
8520.0,2725.0,274800.0
9984.0,3940.0,178700.0
3400.0,2824.0,130100.0
6650.0,1350.0,132600.0
7400.0,4464.0,220800.0
5000.0,3432.0,163500.0
6250.0,1368.0,114800.0
12000.0,2985.0,147500.0
6200.0,2382.0,159900.0
8650.0,1312.0,130900.0
5750.0,2240.0,155500.0
4875.0,2716.0,141900.0
9580.0,1789.0,129300.0
6750.0,3888.0,147800.0
4000.0,1280.0,187100.0
7000.0,2154.0,181800.0
4992.0,3741.0,227500.0
6350.0,3459.5,151900.0
6450.0,4974.5,176400.0
6665.0,2855.0,160700.0
7950.0,3150.5,124200.0
33750.0,3594.0,405200.0
7500.0,1914.00001,160300.0
13500.0,1602.0,149100.0
6860.0,3523.25,170000.0
3400.0,2824.0,130100.0
7100.0,1056.0,114600.0
5534.0,5742.0,88800.0
18160.0,1769.0,511500.0
5000.0,4080.0,155800.0
8400.0,4892.0,325400.0
9639.0,3619.0,198500.0
11250.0,972.0,105900.0
6250.0,978.00001,107200.0
7500.0,2796.0,157300.0
7750.0,3082.0,156600.0
6290.0,3672.0,171300.0
6250.0,1342.25,125100.0
6400.0,3080.0,179600.0
15360.0,2376.60001,251800.0
7130.0,2869.00001,175300.0
64075.0,120287.0,1614639.0
13325.0,3915.5,345700.0
5050.0,1260.0,146800.0
9000.0,3770.25,204200.0
5000.0,3912.0,182600.0
7140.0,2310.0,197800.0
7772.0,1502.85001,142900.0
5750.0,3542.0,207900.0
7400.0,2284.0,171400.0
5000.0,1041.60001,124000.0
6165.0,2889.0,195700.0
9500.0,1955.0,153200.0
8750.0,1086.0,132900.0
9000.0,2241.60001,165400.0
10272.0,2560.0,178900.0
7540.0,3406.0,354100.0
7650.0,1048.00001,131700.0
7500.0,1348.0,132700.0
8250.0,2608.5,203000.0
6750.0,1381.0,96000.0
6280.0,3110.40001,159100.0
4818.0,1850.00001,62400.0
8400.0,1184.0,111200.0
6625.0,1008.00001,105200.0
13780.0,1243.0,172700.0
5264.0,2626.0,154600.0
7500.0,3639.0,180500.0
5000.0,2834.0,183000.0
5000.0,1776.0,132500.0
4885.0,4398.0,165200.0
7250.0,3602.5,175100.0
1940.0,1716.0,83700.0
8262.0,3489.25,144000.0
9825.0,1326.0,96600.0
3125.0,2835.0,74700.0
8344.0,2596.00001,162300.0
6370.0,5042.0,122400.0
64469.0,83600.0,4522000.0
16800.0,5591.0,379400.0
8100.0,3795.0,179500.0
7700.0,2481.60001,152200.0
7500.0,1242.0,111000.0
20928.0,4340.0,466800.0
1692.0,850.0,60100.0
5050.0,2962.5,155000.0
15660.0,992.0,94300.0
5000.0,1192.0,137900.0
7255.0,1656.0,104900.0
10220.0,2638.0,170000.0
14995.0,8445.5,224100.0
33100.0,5052.0,475000.0
29700.0,3853.0,470000.0
6000.0,3588.0,140300.0
7500.0,2616.0,203100.0
6500.0,1380.0,147400.0
7950.0,1044.0,143700.0
7500.0,3324.5,177000.0
7840.0,1120.0,104900.0
8160.0,1485.0,158000.0
6550.0,3425.0,174400.0
9100.0,2932.60001,114700.0
4850.0,1260.0,148200.0
6424.0,3714.0,154000.0
5225.0,1232.0,123700.0
5585.0,1155.0,134000.0
6500.0,1074.0,124900.0
7650.0,2348.0,143400.0
7595.0,4038.0,285200.0
6770.0,4416.0,109600.0
5220.0,3864.0,143300.0
4950.0,1260.0,145200.0
8466.0,900.0,125800.0
4644.0,1388.00001,103000.0
7810.0,1075.20001,97800.0
7500.0,900.0,114900.0
7600.0,1375.0,131400.0
7950.0,2733.5,175100.0
7575.0,2423.0,132700.0
9639.0,3619.0,198500.0
17175.0,7904.25,294000.0
83635.0,109275.0,4831800.0
13026.0,2460.0,154900.0
9000.0,2950.0,166800.0
7500.0,3481.25,180900.0
7600.0,1830.5,115800.0
16100.0,16048.0,575500.0
5710.0,1167.25,120400.0
5500.0,980.0,137200.0
7500.0,2117.00001,156500.0
4250.0,2576.0,153000.0
6290.0,1500.0,167500.0
5560.0,2520.0,155700.0
9820.0,1397.0,111300.0
5200.0,3510.0,180700.0
7200.0,1503.8,131000.0
8600.0,3954.0,166300.0
6570.0,4092.0,181200.0
12020.0,2947.5,146200.0
5710.0,1167.25,120400.0
6640.0,4194.0,178500.0
6000.0,1109.80001,126300.0
6120.0,3936.0,178000.0
3800.0,1536.0,122300.0
7500.0,3411.0,161600.0
7775.0,1152.0,124500.0
7965.0,2970.5,160000.0
10680.0,1274.0,135400.0
5890.0,1760.0,135600.0
5000.0,1440.0,140300.0
6900.0,1750.0,154800.0
5100.0,1996.0,111300.0
9850.0,3072.5,226900.0
8262.0,3489.25,144000.0
6250.0,2386.0,189500.0
9800.0,3132.0,172100.0
11250.0,1428.0,128100.0
9050.0,3240.25,71100.0
6200.0,2382.0,159900.0
38108.0,34659.0,463100.0
7788.0,960.0,147900.0
10000.0,3309.60001,197400.0
16800.0,3016.08,382000.0
4380.0,2616.0,129500.0
6480.0,1904.0,142900.0
5494.0,1384.0,114700.0
7840.0,2230.0,148500.0
8480.0,4026.0,177700.0
6600.0,3087.0,185600.0
8195.0,1120.0,105600.0
7650.0,1030.0,126700.0
4910.0,672.0,107400.0
6750.0,4162.0,90600.0
8950.0,1015.00001,134000.0
7200.0,3645.0,150700.0
7550.0,1841.0,154500.0
7700.0,1364.0,103000.0
8730.0,3864.0,178500.0
9600.0,1671.0,154400.0
5000.0,1056.0,116900.0
12595.0,2165.0,238500.0
13460.0,2760.5,137300.0
6000.0,3888.0,103400.0
9782.0,4248.0,324700.0
5000.0,3636.0,175600.0
6860.0,1392.0,128100.0
6000.0,2802.5,155900.0
5500.0,667.0,106400.0
5385.0,3432.0,158000.0
6750.0,3616.5,155100.0
5500.0,2990.0,165100.0
5500.0,1702.0,140900.0
7650.0,2240.0,180100.0
7100.0,1192.0,136900.0
7500.0,4737.0,165100.0
6050.0,943.0,110200.0
9240.0,1664.0,132200.0
10505.0,1008.00001,95800.0
5710.0,2560.0,150400.0
5650.0,1101.0,151000.0
6720.0,1480.0,124500.0
4950.0,1260.0,145200.0
5000.0,1822.0,152000.0
5000.0,1040.20001,133800.0
5500.0,1724.00001,144500.0
5150.0,1024.0,116100.0
11390.0,1980.0,154100.0
11770.0,3805.0,350200.0
5000.0,3741.0,145000.0
6780.0,1492.0,127800.0
6000.0,1186.0,146400.0
3250.0,2414.0,109900.0
4365.0,1144.0,85700.0
13510.0,9973.0,401900.0
5000.0,1188.0,101200.0
11700.0,19340.0,830100.0
7710.0,4176.0,118000.0
7890.0,1168.60001,105300.0
8100.0,1075.20001,145000.0
8540.0,3426.55,155600.0
8025.0,1632.0,120200.0
7550.0,3888.0,154800.0
4680.0,3135.0,117363.0
3125.0,2835.0,74700.0
7850.0,3532.75,142900.0
33506.0,1588.0,365500.0
6250.0,1638.0,136900.0
7314.0,2329.80001,169300.0
6500.0,3258.0,191800.0
4293.0,2415.20001,141600.0
4788.0,2205.0,149400.0
6660.0,3924.0,97900.0
6100.0,3450.0,143800.0
6300.0,2940.0,166500.0
6200.0,2802.5,157000.0
7975.0,1356.0,140700.0
10600.0,3432.0,32300.0
6670.0,4143.0,164900.0
9500.0,2784.0,165800.0
7200.0,3915.0,163700.0
8400.0,1644.0,133800.0
9000.0,1490.0,208700.0
8730.0,912.0,114800.0
7500.0,4004.0,67900.0
15000.0,1568.0,104400.0
7000.0,2997.60001,200800.0
6405.0,3136.0,179500.0
5124.0,3080.0,150900.0
7500.0,3791.25,140400.0
6815.0,1120.0,103700.0
7000.0,2743.20001,191600.0
7500.0,2840.5,133700.0
6250.0,1561.0,140200.0
10050.0,5295.0,215900.0
217051.0,49248.0,753880.0
9850.0,4311.25,146700.0
7350.0,1532.0,156000.0
6000.0,4575.0,194800.0
6100.0,3958.75,205800.0
7800.0,1013.25,119400.0
9000.0,1860.0,148500.0
8950.0,2157.0,247500.0
5000.0,2160.0,140300.0
7500.0,900.0,116200.0
17175.0,7904.25,294000.0
8530.0,3661.5,154000.0
4400.0,1519.0,98800.0
64075.0,120287.0,1614639.0
6010.0,3402.0,160800.0
6000.0,3952.5,91900.0
9275.0,1192.0,126900.0
6500.0,4407.0,188700.0
8100.0,1860.0,139800.0
9000.0,2042.40001,134000.0
6500.0,1144.40001,115600.0
11058.0,3341.0,327400.0
10230.0,4448.0,107500.0
7480.0,1135.20001,138100.0
14539.0,69589.8,1420000.0
5000.0,1041.60001,110700.0
7740.0,1404.0,134200.0
7800.0,1015.0,107200.0
5935.0,3789.0,189900.0
6700.0,1315.0,108600.0
5000.0,1716.0,141500.0
3125.0,1386.0,93300.0
6700.0,3801.0,140200.0
10000.0,3774.0,197100.0
9500.0,2784.0,165800.0
6325.0,2236.0,158300.0
6370.0,5042.0,122400.0
4830.0,4023.0,102800.0
8639.0,1322.0,151900.0
7330.0,3443.0,155300.0
16100.0,16048.0,575500.0
8250.0,3780.00002,292500.0
3700.0,2858.0,213400.0
7000.0,1474.0,143700.0
4875.0,2716.0,141900.0
6150.0,3354.0,171400.0
22990.0,4680.0,197600.0
4030.0,2698.0,135900.0
7000.0,3645.0,150300.0
15640.0,1496.0,458300.0
6860.0,1392.0,128100.0
8520.0,3945.0,191300.0
4500.0,3915.0,183700.0
6600.0,1176.0,111000.0
3800.0,1536.0,122300.0
8810.0,3314.5,169000.0
7500.0,2877.5,78800.0
6500.0,1859.0,140500.0
6500.0,1814.75,150400.0
9880.0,1786.0,179700.0
6500.0,1284.0,161900.0
6800.0,1536.0,126200.0
7285.0,3976.5,252000.0
8100.0,1075.20001,145000.0
7500.0,2161.0,120300.0
6640.0,1190.00001,103800.0
7500.0,2184.0,157500.0
7850.0,3168.0,130100.0
8450.0,2022.0,114200.0
7575.0,2423.0,132700.0
6010.0,3402.0,160800.0
6550.0,3398.0,138100.0
6300.0,2802.25,179100.0
6210.0,3435.0,175500.0
5500.0,1232.0,127800.0
6280.0,2374.0,171200.0
6500.0,2772.0,209100.0
8640.0,3244.0,170900.0
3540.0,2748.0,132400.0
5300.0,3594.0,154700.0
8208.0,3250.0,360300.0
7500.0,1264.0,130100.0
7000.0,1698.0,122800.0
6250.0,2800.0,179600.0
7500.0,3636.0,185900.0
8275.0,3898.80002,198300.0
5175.0,1494.0,98300.0
7300.0,1510.0,143400.0
4610.0,2058.0,95100.0
8855.0,4308.25,165400.0
4964.0,1920.00001,143200.0
6250.0,2207.5,132700.0
11350.0,8960.9,625000.0
5000.0,1405.0,133900.0
3935.0,3451.0,151400.0
9500.0,1955.0,153200.0
5280.0,3349.5,168200.0
7500.0,973.00001,117900.0
11180.0,9926.0,533800.0
5000.0,2800.0,164500.0
8570.0,4625.75,322900.0
6305.0,3582.0,62000.0
4400.0,3741.0,126700.0
4500.0,2829.0,108200.0
16560.0,8778.0,487200.0
6710.0,3338.5,137600.0
6200.0,2382.0,159900.0
9375.0,3354.0,163700.0
4040.0,3169.5,164100.0
6450.0,4974.5,176400.0
6900.0,2686.0,187200.0
20748.0,3652.5,496000.0
6250.0,1826.0,138200.0
5030.0,2160.0,168200.0
7290.0,4040.0,154200.0
7800.0,2732.0,199300.0
13230.0,7665.66,187900.0
6600.0,3969.0,66000.0
5650.0,1096.0,137900.0
7750.0,3485.0,147000.0
5625.0,3696.0,111800.0
6250.0,1888.0,134000.0
7650.0,1052.0,129700.0
9281.0,3150.0,131900.0
8800.0,1450.0,124100.0
9240.0,1664.0,132200.0
8000.0,3963.7,195700.0
6010.0,3402.0,160800.0
4601.0,1156.0,90100.0
7450.0,2930.40001,197800.0
7255.0,3888.0,147200.0
32289.0,4355.2,462000.0
8320.0,1095.5,99000.0
7000.0,2142.0,157800.0
8025.0,1630.0,150100.0
4260.0,1156.0,77200.0
5500.0,2782.0,144100.0
5500.0,1204.0,92300.0
11250.0,1333.0,176100.0
11786.0,1509.3,41500.0
2600.0,1263.0,115100.0
5960.0,3573.0,176500.0
8850.0,5427.5,205700.0
4950.0,2378.5,178500.0
9000.0,3942.5,190200.0
5206.0,2650.0,134000.0
5650.0,3648.75,78500.0
3400.0,2824.0,130100.0
6860.0,1330.0,127200.0
5750.0,1498.5,159500.0
5710.0,1317.0,82600.0
7525.0,2284.0,169700.0
5000.0,3416.5,163700.0
6895.0,3726.0,161700.0
10210.0,3894.5,159400.0
5850.0,2329.5,152100.0
7095.0,1832.0,168700.0
6800.0,1773.62,162000.0
5406.0,2160.0,155200.0
35124.0,5911.0,390500.0
8450.0,8484.0,182800.0
16800.0,4307.25,500400.0
7500.0,1086.0,126400.0
5907.0,1392.0,130700.0
16100.0,16048.0,575500.0
8400.0,1644.0,133800.0
16100.0,16048.0,575500.0
6750.0,1051.0,125800.0
4575.0,1754.0,159700.0
5625.0,2289.5,142600.0
20375.0,12992.0,700000.0
7800.0,1690.5,158100.0
6700.0,2112.0,153700.0
8255.0,2726.0,192800.0
8250.0,3258.00001,252200.0
5020.0,3532.75,126603.0
6400.0,1116.5,114300.0
7500.0,2716.0,151500.0
7750.0,1560.0,127100.0
7680.0,1024.0,138000.0
5000.0,3461.0,162200.0
5000.0,2800.0,164500.0
7340.0,1598.8,116300.0
4040.0,3169.5,164100.0
10000.0,3581.5,158100.0
7470.0,3600.0,163300.0
7500.0,3326.40001,204700.0
7500.0,3450.0,180000.0
7627.0,1566.0,132100.0
5650.0,1433.60001,105700.0
8475.0,1120.0,148700.0
9500.0,1756.0,152700.0
8550.0,4136.0,256400.0
7575.0,1680.0,147900.0
9984.0,3940.0,178700.0
6750.0,2288.0,157000.0
6530.0,3433.0,147900.0
7840.0,1120.0,104900.0
5865.0,1106.0,141600.0
3850.0,1298.0,111800.0
8250.0,1746.0,132800.0
7000.0,2743.20001,191600.0
7000.0,2901.60001,227300.0
5500.0,2782.0,144100.0
5530.0,1620.0,135000.0
9275.0,1192.0,126900.0
9970.0,2184.75,258800.0
7135.0,2962.5,181200.0
8480.0,1248.0,125900.0
12900.0,16822.0,963100.0
6500.0,2246.40001,146400.0
10875.0,3117.5,178400.0
6000.0,1186.0,146400.0
7950.0,832.0,46800.0
4293.0,2415.20001,141600.0
9968.0,3737.5,185800.0
6930.0,2235.0,134000.0
6400.0,3386.0,145100.0
6350.0,3982.0,179800.0
5340.0,3822.0,151800.0
4680.0,2630.40001,146800.0
5075.0,1513.25,138900.0
8335.0,4027.5,176600.0
6400.0,2884.0,144000.0
7050.0,3588.0,192100.0
7503.0,13424.0,188364.0
15100.0,12480.0,994900.0
7700.0,1364.0,103000.0
8180.0,5535.0,66000.0
32748.0,5373.4,500000.0
7000.0,2990.0,192000.0
5500.0,1504.0,132600.0
5500.0,2852.0,80000.0
7500.0,3250.0,170000.0
5000.0,1008.00001,117000.0
9650.0,1188.0,111600.0
6290.0,1350.0,115300.0
30125.0,13595.0,750600.0
5000.0,3875.0,206400.0
8400.0,3573.0,100000.0
5050.0,1188.0,151400.0
7500.0,1555.0,107300.0
9600.0,5180.0,217900.0
13650.0,3104.0,321400.0
9320.0,3942.0,198700.0
7650.0,2463.0,200900.0
13460.0,2760.5,137300.0
9048.0,1634.0,151000.0
7500.0,4031.0,165000.0
7891.0,1566.0,132000.0
7500.0,1925.00001,176500.0
7570.0,5547.0,66000.0
10000.0,1875.0,108900.0
7250.0,3666.0,97600.0
9250.0,3540.0,192000.0
7500.0,3324.0,178700.0
5500.0,1607.0,148400.0
4400.0,3501.0,171300.0
11385.0,4866.0,246700.0
5710.0,965.0,122400.0
4995.0,982.5,101500.0
7800.0,1120.0,122500.0
7500.0,4116.0,66900.0
5450.0,4131.0,164900.0
4150.0,3372.0,122700.0
5800.0,2508.0,126000.0
7500.0,4050.0,186900.0
6585.0,3798.0,166100.0
7825.0,1344.0,121200.0
5043.0,3388.0,160900.0
7910.0,3393.0,61300.0
9500.0,1756.0,152700.0
12980.0,1930.0,166300.0
5025.0,2096.00001,107300.0
6630.0,2732.0,214300.0
9000.0,2042.40001,134000.0
9000.0,3798.5,201200.0
13460.0,2760.5,137300.0
5500.0,3241.5,142400.0
5500.0,2990.0,165100.0
7250.0,3666.0,97600.0
9500.0,3187.20001,175200.0
6370.0,1298.0,109000.0
6000.0,3899.00001,237700.0
38570.0,4765.0,475000.0
8250.0,2608.5,203000.0
2285.0,850.0,60500.0
11350.0,8960.9,625000.0
4835.0,3978.0,67900.0
8250.0,2400.00001,225900.0
6625.0,1008.00001,105200.0
33100.0,5052.0,475000.0
5900.0,3171.5,165600.0
7550.0,4190.75,250700.0
9835.0,1073.80001,116100.0
17400.0,1920.0,146600.0
7365.0,2985.5,150200.0
10000.0,4410.0,151700.0
12900.0,16822.0,963100.0
7350.0,1386.0,148100.0
5200.0,1256.0,97900.0
7670.0,3856.0,181300.0
30012.0,5040.0,172300.0
5900.0,1086.0,111700.0
11700.0,19340.0,830100.0
7500.0,3633.0,186000.0
11100.0,3932.0,277600.0
12570.0,2502.0,197200.0
6350.0,3369.0,171900.0
6318.0,1860.0,163200.0
6200.0,3230.40001,200700.0
8540.0,2484.0,186400.0
12000.0,4216.0,230800.0
16000.0,4290.0,508800.0
11592.0,3840.0,234100.0
4884.0,1441.60001,105900.0
10200.0,2082.0,155800.0
6250.0,1075.20001,115400.0
15350.0,3132.0,178200.0
39460.0,20031.0,647700.0
6665.0,3738.0,81500.0
3125.0,2835.0,73500.0
5450.0,3033.20001,183500.0
5030.0,2160.0,168200.0
10080.0,1244.0,122100.0
6150.0,3429.0,123800.0
8300.0,1200.0,120100.0
5000.0,3136.80001,137700.0
17750.0,2726.0,309200.0
10475.0,2552.0,175800.0
5000.0,1420.0,130500.0
7750.0,1576.0,151900.0
7614.0,4269.0,66000.0
5850.0,1096.0,121000.0
6250.0,1680.0,126600.0
7500.0,900.0,119000.0
5130.0,3575.0,167400.0
5500.0,1986.0,151500.0
5000.0,1776.0,132500.0
7375.0,3269.75,90600.0
6500.0,1859.0,140500.0
5600.0,3120.0,180600.0
7499.0,1584.0,128700.0
1960.0,1280.0,75900.0
33750.0,3594.0,405200.0
11250.0,4797.25,280000.0
7400.0,3666.0,156200.0
9500.0,1594.0,144500.0
8050.0,4542.25,294700.0
5000.0,2988.00001,156100.0
9380.0,1620.00001,131000.0
6380.0,4059.0,161100.0
6000.0,1096.0,99400.0
6100.0,1374.25,149300.0
5500.0,1608.0,125400.0
5500.0,2838.0,127000.0
6100.0,3815.0,213300.0
44431.0,4078.0,139000.0
10000.0,3137.5,193900.0
4420.0,2160.0,156500.0
7220.0,6601.0,66000.0
6370.0,1298.0,109000.0
8540.0,4339.0,382400.0
3125.0,1048.0,109400.0
8620.0,1568.0,139800.0
6223.0,3681.75,271900.0
6650.0,948.0,129400.0
7800.0,1984.20001,144300.0
5000.0,2609.75,169900.0
5450.0,3477.0,202100.0
5000.0,3600.0,37100.0
7250.0,2760.0,174400.0
3700.0,1680.0,112500.0
8514.0,1469.55001,148000.0
4570.0,1780.0,119200.0
7675.0,3150.0,165600.0
16100.0,16048.0,575500.0
7300.0,3726.0,145500.0
24240.0,5226.5,443500.0
12000.0,4765.75,323200.0
6150.0,3404.0,177800.0
3125.0,1048.0,109400.0
7250.0,1152.0,145400.0
7956.0,900.0,117000.0
9000.0,1075.20001,117100.0
14505.0,1881.12,96400.0
5500.0,1902.0,171900.0
6960.0,3348.0,195500.0
32395.0,18897.0,744900.0
5625.0,2289.5,142600.0
16100.0,16048.0,575500.0
7500.0,1218.0,107400.0
8540.0,2690.0,191100.0
6023.0,3660.0,197400.0
7575.0,3726.0,145600.0
6000.0,3666.0,151600.0
11871.0,3666.0,166100.0
8645.0,1248.00001,115900.0
7500.0,4116.0,177000.0
8400.0,2034.0,166000.0
33750.0,3594.0,405200.0
5145.0,2112.0,118900.0
6300.0,2150.0,190500.0
5500.0,1487.0,143100.0
13600.0,4114.0,475300.0
9990.0,3777.5,376600.0
7175.0,1273.0,116200.0
8950.0,3752.0,161000.0
5960.0,3235.20001,182900.0
7151.0,1470.0,140500.0
7500.0,3354.0,167100.0
8550.0,1512.0,139000.0
7296.0,2654.0,205100.0
7525.0,5883.25,197300.0
9170.0,3391.5,152200.0
7050.0,3311.0,169500.0
6285.0,2370.0,156400.0
6400.0,1780.0,160800.0
9650.0,2941.20001,202800.0
6750.0,4162.0,90600.0
6540.0,1843.20001,171600.0
14400.0,3089.60001,365100.0
7750.0,2857.5,191700.0
7705.0,7980.31,270700.0
8720.0,3535.0,204200.0
4910.0,1008.00001,114700.0
12625.0,4642.0,277700.0
7500.0,4050.0,186900.0
15325.0,5152.0,242100.0
7775.0,1152.0,124500.0
6000.0,1285.20001,116500.0
6575.0,1008.00001,96800.0
5500.0,1248.0,162600.0
7500.0,3633.0,186000.0
7200.0,1376.0,117000.0
8750.0,4767.5,201700.0
7500.0,3880.25,172100.0
8368.0,3494.25,160700.0
7500.0,3354.0,180700.0
2035.0,750.0,76200.0
6840.0,2985.5,135100.0
3640.0,1408.0,118600.0
6250.0,1046.0,124900.0
6000.0,2802.5,155900.0
6000.0,3666.0,159600.0
14088.0,2160.00001,180700.0
6000.0,1290.6,126100.0
4555.0,3525.0,56200.0
8050.0,2390.0,175300.0
9000.0,4042.5,209200.0
6175.0,1260.0,102100.0
5000.0,1776.0,158500.0
5000.0,2160.0,140300.0
8400.0,2034.0,166000.0
6250.0,1486.0,127300.0
7840.0,1200.0,135500.0
8540.0,3208.28,199100.0
5400.0,3197.0,157600.0
15753.0,4954.00001,247000.0
7830.0,3558.5,167200.0
7400.0,3666.0,156200.0
5100.0,1335.0,109600.0
10080.0,1244.0,122100.0
47550.0,2123.0,414700.0
7089.0,1710.0,159700.0
4825.0,3861.0,168200.0
6250.0,4080.0,193700.0
5500.0,1250.5,156100.0
7650.0,1139.0,78800.0
4847.0,2160.0,60400.0
9104.0,12771.0,750000.0
4810.0,4944.0,208500.0
19175.0,5982.5,261900.0
4892.0,1056.0,147300.0
10570.0,4165.0,212500.0
4140.0,2031.00001,129400.0
9766.0,2392.0,152900.0
7500.0,3916.0,165802.0
17556.0,4265.75,482800.0
8165.0,1883.0,115300.0
5890.0,1760.0,135600.0
8800.0,3927.0,195600.0
25072.0,14873.0,711700.0
5000.0,3050.0,152700.0
5000.0,4080.0,172200.0
7750.0,1406.0,142400.0
9782.0,4248.0,324700.0
6000.0,1290.6,126100.0
8850.0,3398.0,150500.0
15350.0,2464.0,157200.0
7365.0,1764.00001,135100.0
7050.0,3900.0,140200.0
22000.0,11720.0,214300.0
5425.0,3410.0,170600.0
6350.0,3982.0,179800.0
5000.0,2208.0,134800.0
6355.0,1344.0,104700.0
4890.0,2870.40001,153700.0
7000.0,4608.0,189000.0
8800.0,1450.0,124100.0
5000.0,3461.0,162200.0
8025.0,1277.5,114200.0
6255.0,3348.0,142300.0
6090.0,1440.0,90900.0
6950.0,4200.0,221800.0
6445.0,3117.5,190400.0
3700.0,1680.0,112500.0
11700.0,2027.5,204100.0
6125.0,2700.0,155700.0
7940.0,3517.25,146400.0
7500.0,3826.25,150300.0
11700.0,1344.0,141400.0
7755.0,4032.0,152500.0
9790.0,1467.0,123500.0
11715.0,1050.00001,107600.0
7470.0,3600.0,163300.0
6250.0,1368.0,114800.0
10890.0,3696.5,309800.0
6000.0,1260.0,124300.0
11360.0,1882.0,137900.0
6250.0,3464.00001,182200.0
7500.0,2949.60001,115000.0
7000.0,3600.0,115500.0
7250.0,2429.0,192500.0
11250.0,2906.0,232300.0
7860.0,1363.0,144800.0
9700.0,3477.5,209500.0
7000.0,3249.40001,153900.0
7000.0,2142.0,157800.0
8840.0,1666.0,123700.0
3928.0,3948.0,153000.0
5000.0,672.0,82000.0
7200.0,3699.0,216100.0
10000.0,1330.5,137000.0
5450.0,4125.0,172200.0
5000.0,1080.0,142300.0
25520.0,36764.0,1607200.0
5650.0,936.0,134500.0
7500.0,900.0,91400.0
8250.0,3968.75,142000.0
5000.0,2445.0,86100.0
7964.0,2091.40001,176000.0
5050.0,1256.0,136700.0
7151.0,1470.0,140500.0
7675.0,1176.0,151100.0
6865.0,3796.5,179200.0
7200.0,4320.0,181600.0
12345.0,1376.0,131500.0
13720.0,5210.75,491000.0
5000.0,2988.00001,156100.0
7750.0,2595.0,204300.0
6860.0,1392.0,128100.0
7332.0,4075.5,261800.0
9000.0,1090.0,142600.0
5000.0,899.0,99300.0
6300.0,930.0,118400.0
6640.0,4194.0,178500.0
22043.0,3160.0,480400.0
6000.0,5926.0,220400.0
5500.0,1248.0,135800.0
7100.0,1192.0,136900.0
6050.0,1164.0,123900.0
8456.0,1392.0,130900.0
24048.0,4250.38,629300.0
5850.0,1760.0,161100.0
9950.0,2784.0,189800.0
7520.0,1050.00001,101700.0
12148.0,1747.20001,140000.0
5264.0,3573.0,153700.0
5400.0,1560.0,147400.0
6325.0,2770.60002,178300.0
7950.0,2396.0,197500.0
7600.0,4212.0,134400.0
7200.0,4023.0,133200.0
6250.0,2800.0,179600.0
7200.0,3429.0,147100.0
8738.0,5670.0,295900.0
7740.0,1365.0,116800.0
7450.0,2930.40001,197800.0
4680.0,3996.0,145800.0
6500.0,1284.0,161900.0
7445.0,1717.0,172400.0
7750.0,1472.0,138900.0
7390.0,4167.0,203800.0
11400.0,1688.0,135000.0
8840.0,1544.0,154600.0
5750.0,3715.25,208400.0
15008.0,11360.0,1125300.0
16800.0,2225.80002,318800.0
6500.0,3762.0,220900.0
6000.0,3052.40001,189900.0
7500.0,2875.0,170800.0
4150.0,3735.0,125100.0
5670.0,3886.0,222500.0
10080.0,1092.0,97400.0
11690.0,4135.0,211400.0
10090.0,5354.0,381600.0
7025.0,1580.0,163400.0
7200.0,4320.0,181600.0
6000.0,3918.0,152200.0
6750.0,2370.0,165000.0
5000.0,4080.0,172200.0
31650.0,1825.0,226300.0
8450.0,8484.0,182800.0
8680.0,3582.0,229000.0
6500.0,1050.00001,117700.0
6300.0,2150.0,190500.0
5960.0,3355.0,162100.0
2035.0,750.0,76200.0
8234.0,2530.0,159300.0
5500.0,1814.0,192600.0
3800.0,3162.5,162200.0
3930.0,3222.0,136900.0
7800.0,900.0,107400.0
4685.0,1815.0,145200.0
7100.0,1056.0,114600.0
6738.0,1350.0,85300.0
7650.0,1139.0,78800.0
5800.0,4248.0,185700.0
8940.0,1120.0,122800.0
7540.0,5150.75,153400.0
5500.0,2090.0,131600.0
7350.0,1386.0,148100.0
4050.0,3663.0,162400.0
6900.0,4680.0,176600.0
20680.0,3328.80001,452600.0
5910.0,3600.0,206800.0
44431.0,4078.0,139000.0
9000.0,2042.40001,134000.0
7500.0,900.0,119100.0
8750.0,1614.0,134200.0
5650.0,910.0,129600.0
4450.0,3600.0,138000.0
7500.0,3456.0,209100.0
7500.0,1555.0,107300.0
7000.0,2932.80001,189200.0
6750.0,1676.00001,124500.0
6500.0,1386.0,127000.0
6050.0,1960.0,128300.0
4900.0,2520.0,190200.0
4000.0,1153.0,105000.0
6900.0,1738.0,124600.0
6850.0,2524.0,166700.0
8262.0,1015.0,122400.0
1872.0,900.0,87100.0
6600.0,1636.5,160400.0
8745.0,1664.0,140100.0
8160.0,2469.5,162300.0
8100.0,4185.25,139900.0
6300.0,864.0,96400.0
6960.0,4262.5,278100.0
7840.0,2230.0,148500.0
7500.0,4071.0,167800.0
8450.0,8484.0,182800.0
6375.0,1008.00001,104500.0
11100.0,2252.0,175600.0
5000.0,2760.0,162700.0
226948.0,27922.0,1796800.0
5800.0,4248.0,185700.0
6950.0,1536.0,146200.0
5900.0,1273.0,136200.0
12800.0,5736.0,269200.0
4835.0,1822.0,154700.0
5300.0,3723.0,172900.0
8050.0,3857.75,257500.0
7470.0,4419.0,189200.0
5000.0,3588.0,106100.0
10950.0,5982.0,259600.0
6713.0,3588.0,160000.0
6700.0,1933.60001,138600.0
7500.0,6512.0,286100.0
6966.0,2730.0,146500.0
43230.0,18430.0,1436800.0
4890.0,3608.0,232200.0
8690.0,3900.0,280000.0
7500.0,2716.0,151500.0
6370.0,2912.0,179500.0
5500.0,3500.0,193100.0
7500.0,2564.80001,251000.0
5000.0,3780.0,190600.0
9190.0,4410.0,222900.0
7750.0,4021.92,215800.0
7000.0,2932.80001,189200.0
7725.0,1350.0,117200.0
8730.0,3864.0,178500.0
8225.0,3457.5,164200.0
5450.0,3498.5,195000.0
7600.0,2600.0,169500.0
2430.0,3693.0,182600.0
7750.0,3169.0,178600.0
7000.0,3959.0,181500.0
6350.0,2537.0,190400.0
7500.0,942.0,125200.0
8720.0,3535.0,204200.0
11786.0,1509.3,41500.0
7627.0,1566.0,132100.0
9435.0,1271.0,117200.0
8405.0,975.0,122900.0
7775.0,3321.0,201400.0
6250.0,1342.25,125100.0
7160.0,3118.5,144900.0
4460.0,2902.0,144300.0
6500.0,1386.0,127000.0
9000.0,1090.0,142600.0
8112.0,2112.0,155900.0
10510.0,4187.25,263700.0
8700.0,4592.0,229000.0
5000.0,3636.0,175600.0
11180.0,9926.0,533800.0
7890.0,3870.0,216000.0
7000.0,4513.60002,188800.0
6250.0,1480.0,126000.0
6363.0,1068.0,119300.0
5000.0,3912.0,182600.0
15000.0,2655.0,167700.0
6480.0,2872.5,163000.0
5000.0,1008.00001,122100.0
10230.0,4448.0,107500.0
5000.0,1272.0,120600.0
10000.0,1500.0,159500.0
5450.0,898.0,81700.0
3928.0,3948.0,153000.0
13695.0,3957.25,278300.0
47550.0,2123.0,414700.0
13980.0,10055.52,532500.0
5500.0,2990.0,165100.0
6750.0,3810.5,169300.0
11360.0,1882.0,137900.0
7900.0,1652.80001,132300.0
6705.0,4068.0,132900.0
7130.0,2869.00001,175300.0
6272.0,2392.0,165700.0
7050.0,3090.0,168600.0
5900.0,1224.00001,99600.0
10000.0,2844.0,126400.0
6640.0,3879.0,66000.0
4000.0,1153.0,105000.0
6250.0,3439.5,173600.0
7650.0,3318.0,286500.0
7595.0,4038.0,285200.0
4950.0,1260.0,145200.0
11100.0,2492.0,158600.0
8040.0,899.0,138600.0
5530.0,1620.0,135000.0
17350.0,5273.0,250000.0
3400.0,2824.0,130100.0
7680.0,1024.0,138000.0
8940.0,1552.0,141800.0
1725.0,850.0,55200.0
4555.0,3525.0,56200.0
10287.0,900.0,116300.0
5500.0,1902.0,171900.0
7775.0,1152.0,124500.0
7500.0,2624.0,178200.0
11786.0,1509.3,41500.0
6800.0,3255.0,251700.0
9000.0,4042.5,209200.0
4806.0,1280.0,126200.0
5000.0,1041.60001,124000.0
5000.0,1191.40001,106200.0
7500.0,1457.0,176800.0
7750.0,3485.0,147000.0
16100.0,16048.0,575500.0
7672.0,1151.40001,130700.0
6040.0,3236.0,115400.0
6750.0,1195.20001,131400.0
3000.0,1300.0,104400.0
5000.0,1532.0,131900.0
6944.0,1043.0,127500.0
6210.0,1530.0,126800.0
8750.0,2373.20001,145800.0
7000.0,2684.0,238600.0
8500.0,1368.0,130200.0
10500.0,3762.0,198200.0
7675.0,2513.5,190700.0
6960.0,3440.75,285300.0
7500.0,2875.0,170800.0
6950.0,1536.0,146200.0
13980.0,10055.52,532500.0
7400.0,3963.0,159700.0
6860.0,1330.0,127200.0
6738.0,1350.0,85300.0
8940.0,900.0,117200.0
7500.0,3377.0,151300.0
7470.0,3600.0,163300.0
7500.0,900.0,116200.0
16800.0,3016.08,382000.0
3189.0,1404.0,141900.0
8300.0,1015.0,122500.0
9514.0,1834.5,157300.0
10590.0,1075.20001,109400.0
3750.0,2392.5,130100.0
6650.0,1350.0,132600.0
7500.0,2877.5,78800.0
5000.0,3875.0,206400.0
7500.0,3803.25,158200.0
3920.0,2979.0,60600.0
5000.0,1116.0,130400.0
44431.0,4078.0,139000.0
6450.0,3744.0,214100.0
7500.0,2161.0,120300.0
5500.0,1152.0,137600.0
13875.0,4417.5,352300.0
5436.0,3675.0,187200.0
6500.0,1282.0,140400.0
11100.0,2338.0,149300.0
7000.0,2743.20001,191600.0
7900.0,1652.80001,132300.0
5650.0,1056.0,137100.0
7250.0,2429.0,192500.0
3980.0,850.0,52800.0
6480.0,1904.0,142900.0
8225.0,2079.60001,139300.0
7500.0,2514.0,149600.0
5500.0,3432.0,189600.0
10050.0,3760.00001,381700.0
4275.0,2197.5,148500.0
12030.0,7195.5,277100.0
6750.0,4609.0,171400.0
18160.0,1769.0,511500.0
16100.0,16048.0,575500.0
7500.0,1180.0,118800.0
12600.0,15738.0,590000.0
7890.0,3870.0,216000.0
32395.0,18897.0,744900.0
4840.0,3861.0,185900.0
10800.0,3606.25,332800.0
7500.0,3880.25,172100.0
1990.0,2442.0,118700.0
24048.0,4250.38,629300.0
7750.0,3225.0,202300.0
15550.0,3678.0,103800.0
5830.0,2548.0,84770.0
9205.0,5547.0,66000.0
16800.0,5591.0,379400.0
5500.0,720.0,111400.0
7300.0,3234.80001,182300.0
7130.0,2666.0,178900.0
6800.0,4200.0,162000.0
5560.0,900.0,112900.0
7500.0,3354.0,167100.0
12875.0,1714.0,158700.0
5650.0,1384.0,158400.0
7150.0,3146.40001,205000.0
11484.0,3729.0,190600.0
7675.0,1521.0,129900.0
9514.0,1834.5,157300.0
14090.0,3391.5,192600.0
5750.0,3477.0,138300.0
7500.0,1348.0,132700.0
7550.0,1841.0,154500.0
8600.0,2896.0,209700.0
1692.0,850.0,60100.0
48647.0,5509.80002,676400.0
7400.0,1441.0,147700.0
7200.0,2477.5,233400.0
8175.0,4559.0,180200.0
5220.0,2656.0,221700.0
6720.0,3222.0,173100.0
5750.0,3804.0,130600.0
4150.0,3509.0,156300.0
5650.0,3648.75,78500.0
6895.0,3726.0,161700.0
6900.0,2571.25,171800.0
5320.0,4195.25,303200.0
7890.0,3870.0,216000.0
3840.0,3717.0,72100.0
4750.0,1392.0,111500.0
6350.0,2865.60001,198400.0
13281.0,2104.80001,154800.0
7160.0,3118.5,144900.0
11250.0,2906.0,232300.0
5520.0,1952.25,159400.0
7500.0,2586.0,195400.0
6060.0,2836.0,203100.0
5200.0,2706.0,84600.0
10500.0,900.0,118500.0
6370.0,1298.0,109000.0
10000.0,2224.0,55000.0
7195.0,3795.0,148500.0
10880.0,1896.0,169700.0
2930.0,1436.0,82100.0
10750.0,2222.5,111300.0
16580.0,1439.0,139700.0
16100.0,16048.0,575500.0
7800.0,1015.0,114700.0
156200.0,9438.57,850000.0
8050.0,3588.0,160600.0
6250.0,1486.0,127300.0
5500.0,1044.0,137300.0
4000.0,1153.0,105000.0
5300.0,1600.0,127500.0
4900.0,1040.20001,145700.0
8664.0,1006.0,135000.0
6750.0,4162.0,90600.0
5900.0,1273.0,136200.0
7500.0,1555.0,107300.0
7499.0,1421.0,131600.0
4920.0,3666.0,174300.0
7000.0,2997.60001,200800.0
7480.0,2800.80001,175300.0
3125.0,2835.0,73500.0
4265.0,1128.0,77200.0
7000.0,3726.0,188900.0
6440.0,2856.00001,180900.0
6068.0,900.0,129600.0
5780.0,900.0,124100.0
9000.0,2394.0,224600.0
7875.0,2732.0,199600.0
4920.0,3666.0,174300.0
5000.0,1330.0,99100.0
5500.0,1260.0,133900.0
8800.0,3927.0,195600.0
6250.0,3024.0,183400.0
5500.0,3196.0,164700.0
8540.0,2624.0,197300.0
6840.0,1479.0,152200.0
6840.0,2985.5,135100.0
6370.0,2912.0,179500.0
10500.0,900.0,118500.0
9440.0,1938.0,139600.0
3085.0,850.0,61300.0
7500.0,3714.0,185000.0
12625.0,4642.0,277700.0
10330.0,3714.0,126300.0
8405.0,975.0,122900.0
5750.0,3477.0,138300.0
7610.0,1626.0,136500.0
4570.0,1780.0,119200.0
5494.0,1384.0,114700.0
7680.0,1024.0,138000.0
15753.0,4954.00001,247000.0
6550.0,4110.75,226200.0
7155.0,1834.0,158600.0
5710.0,986.0,101400.0
4550.0,3744.0,173900.0
4060.0,3668.0,152100.0
6051.0,1706.0,167600.0
8515.0,1073.80001,82100.0
7775.0,1152.0,114200.0
6250.0,1039.0,122000.0
6480.0,1740.0,35800.0
6000.0,3666.0,151600.0
6533.0,2496.00001,208100.0
5030.0,2160.0,168200.0
6210.0,2254.0,139000.0
26617.0,4685.00001,541600.0
8940.0,1552.0,141800.0
5457.0,4275.0,179100.0
7600.0,3239.5,174400.0
9000.0,2950.0,166800.0
6250.0,3026.40001,215600.0
4672.0,2145.0,109000.0
7500.0,1348.0,133700.0
5900.0,1062.0,134200.0
8555.0,3960.75,345800.0
9259.0,2422.0,220500.0
9825.0,1326.0,96600.0
6475.0,2340.0,184700.0
5000.0,3875.0,206400.0
6738.0,1350.0,85000.0
6270.0,864.0,98300.0
6500.0,1386.0,127000.0
5045.0,1392.0,125100.0
6426.0,2243.5,155500.0
4950.0,1260.0,145200.0
7575.0,3726.0,145600.0
6023.0,3660.0,197400.0
5000.0,1330.0,99100.0
31650.0,1825.0,226300.0
8450.0,2022.0,114200.0
6250.0,4057.0,132100.0
5300.0,3594.0,154700.0
5500.0,2480.0,179300.0
11500.0,2865.60001,219000.0
8014.0,1630.0,143200.0
8045.0,6721.0,332100.0
8250.0,3968.75,142000.0
9385.0,3744.0,148700.0
10425.0,2482.0,90000.0
6840.0,2925.0,138000.0
2835.0,1962.0,108200.0
6500.0,1859.0,140500.0
9259.0,2422.0,220500.0
13980.0,10055.52,532500.0
9000.0,2610.0,151000.0
5000.0,3636.0,202000.0
8900.0,3888.0,152600.0
9000.0,1720.0,141600.0
6210.0,3435.0,175500.0
21600.0,3988.77,514600.0
6085.0,12346.0,528900.0
9000.0,2457.5,116800.0
10800.0,2965.0,224100.0
16000.0,4740.4,488700.0
5000.0,2445.0,86100.0
6210.0,1530.0,126800.0
7403.0,3912.0,165300.0
5710.0,2716.0,170600.0
187334.45313,48012.0,1915800.0
7865.0,1329.0,123000.0
7625.0,3983.0,241100.0
19315.0,2531.0,540000.0
6350.0,1350.0,148300.0
7701.0,1384.0,123100.0
7200.0,3429.0,147100.0
6200.0,3315.0,171200.0
6860.0,3542.0,152800.0
5830.0,2725.29,151900.0
7000.0,2620.0,153100.0
6450.0,2600.0,173100.0
4059.0,3341.5,132100.0
7500.0,3047.5,150600.0
8262.0,1015.0,122400.0
6800.0,3023.5,162100.0
5700.0,900.0,129100.0
6500.0,1050.00001,117700.0
5250.0,3492.0,158900.0
7500.0,3569.5,192700.0
5250.0,2185.0,113000.0
156200.0,9438.57,850000.0
6250.0,1322.0,121000.0
4420.0,2160.0,156500.0
7300.0,1303.0,144400.0
5500.0,1886.40001,131000.0
16610.0,23788.0,645700.0
6750.0,3745.0,171800.0
13600.0,3691.20002,194100.0
2500.0,3510.0,178600.0
6345.0,3951.0,129700.0
3840.0,3717.0,72100.0
3400.0,3672.0,174400.0
6350.0,3092.5,137700.0
12040.0,2885.0,199000.0
6780.0,2912.0,195000.0
10700.0,2600.0,122200.0
7627.0,1566.0,132100.0
3960.0,1477.80001,138800.0
6700.0,4200.0,160600.0
5250.0,768.0,120300.0
5300.0,3291.5,186700.0
38108.0,34659.0,463100.0
7292.0,1075.20001,128900.0
5000.0,3885.0,171900.0
5000.0,3927.0,192400.0
8000.0,988.0,115400.0
8540.0,2732.0,201700.0
88862.0,42426.0,2180000.0
7575.0,986.0,118300.0
13980.0,10055.52,532500.0
8040.0,899.0,138600.0
11100.0,3140.0,289000.0
8540.0,3426.55,155600.0
7700.0,3067.0,242700.0
6750.0,1380.0,126900.0
7000.0,3849.0,194200.0
7000.0,3888.0,163100.0
8550.0,2828.00001,220400.0
13275.0,1119.0,127900.0
61420.0,39634.0,1350300.0
7200.0,1516.0,142700.0
7750.0,2560.0,190800.0
4800.0,1600.0,143400.0
7200.0,4197.0,228500.0
7170.0,3736.75,108100.0
3400.0,2824.0,130100.0
7650.0,2240.0,180100.0
7500.0,3836.25,161900.0
12980.0,1930.0,166300.0
5750.0,3715.25,208400.0
6800.0,3240.0,162000.0
6850.0,1568.0,142800.0
6450.0,3146.40001,194800.0
7050.0,2577.5,169700.0
6540.0,2926.5,315500.0
7500.0,1559.25,126100.0
6250.0,3024.0,183400.0
7560.0,1305.0,126000.0
7250.0,3558.5,161800.0
3046.0,3747.0,109400.0
9516.0,4075.0,278500.0
9375.0,1280.0,132800.0
5000.0,1659.5,130300.0
7500.0,3250.0,170000.0
5000.0,2291.5,156600.0
11250.0,972.0,105900.0
10080.0,1244.0,122100.0
13000.0,4594.0,336500.0
11810.0,2583.60001,186200.0
8300.0,4066.60002,169600.0
5500.0,1250.5,156100.0
6250.0,1623.8,128800.0
3250.0,2187.5,160900.0
5650.0,936.0,134500.0
7600.0,4212.0,134400.0
6960.0,4262.5,278100.0
7550.0,3223.0,134200.0
2849.0,1340.0,136600.0
14995.0,8445.5,224100.0
8730.0,912.0,114800.0
5500.0,2472.5,134800.0
7500.0,3270.0,157900.0
4100.0,2690.0,243400.0
13125.0,5399.0,303700.0
7750.0,3789.5,150500.0
5500.0,974.40001,118700.0
6635.0,1664.0,126700.0
6310.0,4039.75,168200.0
6490.0,1162.5,137500.0
6375.0,1008.00001,101900.0
5500.0,2782.0,144100.0
18720.0,3786.5,417700.0
9100.0,1680.0,101400.0
10500.0,3762.0,198200.0
5710.0,2560.0,150400.0
12000.0,2480.0,168300.0
9216.0,3120.0,189200.0
8250.0,2488.00001,264500.0
7945.0,5538.0,66000.0
5760.0,1075.20001,132000.0
8750.0,1614.0,134200.0
6250.0,2829.0,146700.0
69696.0,7216.0,711000.0
3540.0,2748.0,132400.0
40560.0,2652.0,448000.0
6120.0,1255.0,124000.0
7500.0,2117.00001,156500.0
5632.0,3375.0,130300.0
8840.0,1666.0,123700.0
5712.0,2729.2,142000.0
7560.0,1021.0,128700.0
12000.0,899.0,130600.0
7500.0,1925.00001,176500.0
6700.0,1230.00001,148800.0
7740.0,1404.0,134200.0
6000.0,1168.0,71600.0
7650.0,2348.0,143400.0
6250.0,1075.20001,115500.0
7580.0,3377.0,159000.0
5670.0,3886.0,222500.0
6790.0,1833.0,124200.0
5990.0,1260.0,134000.0
7650.0,1048.00001,131700.0
7650.0,3720.0,207600.0
28875.0,1170.0,107200.0
12875.0,1714.0,158700.0
7500.0,3355.0,134900.0
7500.0,3880.25,172100.0
6900.0,1750.0,154800.0
11250.0,1007.0,121000.0
10000.0,1123.20001,129700.0
7940.0,3936.0,181200.0
6770.0,4626.0,197700.0
3294.0,1302.0,74300.0
7750.0,1576.0,151900.0
9385.0,3744.0,148700.0
4800.0,1600.0,135700.0
5805.0,1836.0,135500.0
5250.0,3510.0,170100.0
7050.0,1075.20001,113600.0
3845.0,2967.25,137100.0
5400.0,3197.0,157600.0
5313.0,1014.0,129900.0
7716.0,2794.0,211300.0
17420.0,2774.0,197100.0
9000.0,1456.0,149300.0
5650.0,1094.0,148800.0
6800.0,3306.75,157200.0
22658.0,18446.0,672800.0
7600.0,1830.5,115800.0
7775.0,2732.0,199400.0
7500.0,1264.0,130100.0
5320.0,4195.25,303200.0
6448.0,29159.0,4014000.0
10125.0,900.0,125700.0
9700.0,2807.0,164300.0
6850.0,2524.0,166700.0
9260.0,9993.0,354500.0
9150.0,2961.0,165400.0
6000.0,2802.5,155900.0
8400.0,1644.0,133800.0
7600.0,1830.5,115800.0
4800.0,3480.0,61000.0
16272.0,2500.0,146000.0
7560.0,1021.0,128700.0
6750.0,1041.60001,111200.0
18520.0,1941.00001,130400.0
6195.0,4104.0,171600.0
10450.0,2977.0,195900.0
7430.0,3888.0,184200.0
5950.0,10575.0,514300.0
5050.0,2962.5,155000.0
8016.0,900.0,112100.0
6250.0,2991.60001,105300.0
6900.0,1776.00001,143000.0
5000.0,1847.5,83100.0
9790.0,1530.25,135800.0
22630.0,5758.0,679200.0
6075.0,2648.0,137500.0
9000.0,2950.0,166800.0
7500.0,2877.5,78800.0
12950.0,2390.0,138400.0
5000.0,1040.20001,133800.0
7500.0,3684.00002,231200.0
6750.0,1370.25,118900.0
9270.0,1938.0,133900.0
6800.0,3255.0,251700.0
8700.0,4494.0,222400.0
8300.0,1015.0,122500.0
3400.0,2824.0,130100.0
4920.0,3459.0,145500.0
7500.0,2553.60001,132500.0
10341.0,1470.0,148500.0
12350.0,1112.0,156600.0
3340.0,2375.0,114600.0
8285.0,1241.0,126100.0
10020.0,3510.0,58400.0
6480.0,1904.0,142900.0
11100.0,1924.30001,158400.0
6800.0,1232.0,136000.0
16800.0,5591.0,379400.0
44431.0,4078.0,139000.0
7600.0,1830.5,115800.0
8900.0,2619.0,109400.0
5000.0,1230.0,111100.0
7450.0,4263.0,167100.0
6850.0,2145.0,149300.0
13980.0,10055.52,532500.0
6450.0,1716.0,130000.0
6940.0,7915.0,78800.0
8325.0,5547.0,66000.0
11985.0,4262.5,70900.0
2543.0,9005.0,360200.0
9068.0,3210.00001,178800.0
10510.0,4187.25,263700.0
7874.0,1023.0,131700.0
8340.0,3744.0,166400.0
7500.0,974.40001,119200.0
7750.0,3921.5,64200.0
7500.0,900.0,116000.0
6150.0,1075.20001,103800.0
3940.0,2838.0,123500.0
5250.0,3726.0,214400.0
7000.0,675.0,88300.0
6900.0,4680.0,176600.0
4950.0,4329.0,185800.0
13980.0,10055.52,532500.0
14088.0,2160.00001,180700.0
6150.0,1302.0,131900.0
5500.0,2782.0,144100.0
8750.0,1086.0,132900.0
6757.0,1008.00001,120700.0
5980.0,4449.5,148400.0
15840.0,3314.2,523200.0
12900.0,16822.0,963100.0
6350.0,2594.0,198100.0
7560.0,1092.0,133100.0
70753.0,11242.0,2114400.0
7500.0,974.40001,119200.0
7250.0,1351.0,158500.0
7500.0,2874.00001,157900.0
3400.0,2824.0,130100.0
4806.0,1280.0,126200.0
7965.0,3450.0,66000.0
5467.0,1290.75,125000.0
44867.0,6491.0,425900.0
8320.0,6196.0,314100.0
5550.0,2290.0,132300.0
7425.0,2732.0,215500.0
6944.0,1043.0,127500.0
4555.0,3525.0,56200.0
4250.0,2212.5,144700.0
7250.0,1772.0,139300.0
8250.0,2400.00001,225900.0
14400.0,3674.60001,418700.0
4500.0,2507.5,109700.0
7155.0,1834.0,158600.0
19250.0,3256.11,350300.0
8250.0,3387.0,168500.0
4050.0,3663.0,162400.0
5080.0,1442.0,127400.0
6075.0,2464.0,125900.0
10010.0,2768.2,210700.0
6210.0,2254.0,139000.0
4680.0,3135.0,117363.0
6050.0,2338.0,208700.0
7575.0,3336.0,174500.0
5375.0,1802.25,140700.0
6600.0,1810.0,159900.0
6090.0,1440.0,90900.0
6780.0,6691.5,267400.0
17738.0,2236.0,347200.0
7550.0,3888.0,154800.0
5750.0,2240.0,155500.0
